method,p,r
voting\_heuristic,0.72791517,0.98951
unigram(threshold 0.3),0.5631363630867088,0.9967320261437906
unigram(threshold 1.0),0.6827606125202625,0.5767973856209152
bigram,0.503703703703,1